{
    "Gender": {
        "AUC": {
            "means": [
                0.7562994739798784,
                0.7101526990449927,
                0.49512793013635664,
                0.6409376436341352,
                0.4920147081354374,
                0.4378928553189316
            ],
            "stds": [
                0.0,
                0.0032024379457254257,
                5.551115123125783e-17,
                0.07454857158291814,
                0.0015566110004596513,
                0.02861753740871256
            ],
            "budgets": [
                0,
                372,
                744,
                1116,
                1488,
                1861
            ]
        },
        "SPD": {
            "means": [
                0.37994816882155263,
                0.11054754988513604,
                0.2504604051565378,
                0.07079417516280306,
                0.5578515691746881,
                0.7140096068045034
            ],
            "stds": [
                0.0,
                0.016414106523804796,
                0.0,
                0.09707944019757248,
                0.15369558200907515,
                0.2317746008239828
            ],
            "budgets": [
                0,
                372,
                744,
                1116,
                1488,
                1861
            ]
        },
        "EO": {
            "means": [
                0.5476017441860466,
                0.11308139534883721,
                0.4418604651162791,
                0.13202519379844962,
                0.5618217054263566,
                0.6425387596899224
            ],
            "stds": [
                0.0,
                0.024269411453447673,
                0.0,
                0.1562012798870453,
                0.05998062015503876,
                0.10033914728682167
            ],
            "budgets": [
                0,
                372,
                744,
                1116,
                1488,
                1861
            ]
        },
        "ACC": {
            "means": [
                0.7261009667024705,
                0.6921589688506982,
                0.631578947368421,
                0.6620837808807734,
                0.49667024704618684,
                0.4502685284640172
            ],
            "stds": [
                0.0,
                0.005788267920647685,
                0.0,
                0.017787533013520488,
                0.06745435016111707,
                0.0906552094522019
            ],
            "budgets": [
                0,
                372,
                744,
                1116,
                1488,
                1861
            ]
        },
        "F1": {
            "means": [
                0.5898203592814371,
                0.5205593631014191,
                0.23024830699774265,
                0.46455354116002123,
                0.4522035075533946,
                0.4671990866869048
            ],
            "stds": [
                0.0,
                0.008010653890555693,
                0.0,
                0.11724705771516657,
                0.11097760027782601,
                0.11847538984458109
            ],
            "budgets": [
                0,
                372,
                744,
                1116,
                1488,
                1861
            ]
        },
        "col_list": [
            [
                [
                    "Gender",
                    "PaymentTier",
                    "City_New Delhi",
                    "Y"
                ],
                [
                    "Gender",
                    "PaymentTier",
                    "City_New Delhi",
                    "Y"
                ],
                [
                    "Gender",
                    "PaymentTier",
                    "City_New Delhi",
                    "Y"
                ],
                [
                    "Gender",
                    "PaymentTier",
                    "City_New Delhi",
                    "Y"
                ],
                [
                    "Gender",
                    "PaymentTier",
                    "City_New Delhi",
                    "Y"
                ]
            ],
            [
                [
                    "Gender",
                    "PaymentTier",
                    "City_New Delhi",
                    "Y"
                ],
                [
                    "Gender",
                    "PaymentTier",
                    "City_New Delhi",
                    "Y"
                ],
                [
                    "Gender",
                    "PaymentTier",
                    "City_New Delhi",
                    "Y"
                ],
                [
                    "Gender",
                    "PaymentTier",
                    "City_New Delhi",
                    "Y"
                ],
                [
                    "Gender",
                    "PaymentTier",
                    "City_New Delhi",
                    "Y"
                ]
            ],
            [
                [
                    "Gender",
                    "PaymentTier",
                    "City_New Delhi",
                    "Y"
                ],
                [
                    "Gender",
                    "PaymentTier",
                    "City_New Delhi",
                    "Y"
                ],
                [
                    "Gender",
                    "PaymentTier",
                    "City_New Delhi",
                    "Y"
                ],
                [
                    "Gender",
                    "PaymentTier",
                    "City_New Delhi",
                    "Y"
                ],
                [
                    "Gender",
                    "PaymentTier",
                    "City_New Delhi",
                    "Y"
                ]
            ],
            [
                [
                    "Gender",
                    "PaymentTier",
                    "City_New Delhi",
                    "Y"
                ],
                [
                    "Gender",
                    "PaymentTier",
                    "City_New Delhi",
                    "Y"
                ],
                [
                    "Gender",
                    "PaymentTier",
                    "City_New Delhi",
                    "Y"
                ],
                [
                    "Gender",
                    "PaymentTier",
                    "City_New Delhi",
                    "Y"
                ],
                [
                    "Gender",
                    "PaymentTier",
                    "City_New Delhi",
                    "Y"
                ]
            ],
            [
                [
                    "Gender",
                    "PaymentTier",
                    "City_New Delhi",
                    "Y"
                ],
                [
                    "Gender",
                    "PaymentTier",
                    "City_New Delhi",
                    "Y"
                ],
                [
                    "Gender",
                    "PaymentTier",
                    "City_New Delhi",
                    "Y"
                ],
                [
                    "Gender",
                    "PaymentTier",
                    "City_New Delhi",
                    "Y"
                ],
                [
                    "Gender",
                    "PaymentTier",
                    "City_New Delhi",
                    "Y"
                ]
            ],
            [
                [
